City,Lat,Lng,Max Temp,Humidity,Cloudiness,Wind Speed,Country,Date
Chemal,51.4111,86.005,60.53,99.0,66.0,0.51,RU,1627344667.0
Chokurdakh,70.6333,147.9167,43.27,70.0,97.0,12.46,RU,1627344830.0
Porto-Novo,6.4965,2.6036,78.62,77.0,34.0,10.74,BJ,1627345185.0
Ushuaia,-54.8,-68.3,33.46,93.0,90.0,6.91,AR,1627344700.0
Sheltozero,61.3667,35.3667,60.55,89.0,71.0,0.92,RU,1627345185.0
Albany,42.6001,-73.9662,77.79,63.0,0.0,7.65,US,1627344682.0
Hamilton,39.1834,-84.5333,85.05,54.0,1.0,1.01,US,1627345089.0
Perth,-31.9333,115.8333,58.08,80.0,75.0,17.27,AU,1627344995.0
Quthing,-30.4,27.7003,36.63,39.0,44.0,2.62,LS,1627345038.0
Saint-Philippe,-21.3585,55.7679,63.95,78.0,66.0,11.68,RE,1627344386.0
Rikitea,-23.1203,-134.9692,74.64,77.0,74.0,18.23,PF,1627345186.0
‘Āhuimanu,21.4447,-157.8378,91.11,59.0,40.0,11.5,US,1627345187.0
New Norfolk,-42.7826,147.0587,56.88,82.0,100.0,4.76,AU,1627345187.0
Bilma,18.6853,12.9164,91.94,39.0,94.0,7.05,NE,1627345187.0
San Vicente,-26.6167,-54.1333,65.23,73.0,88.0,2.06,AR,1627345188.0
Meulaboh,4.1363,96.1285,76.48,89.0,61.0,4.34,ID,1627345188.0
Cabo San Lucas,22.8909,-109.9124,93.81,65.0,1.0,11.5,MX,1627344947.0
Nikolskoye,59.7035,30.7861,62.02,71.0,10.0,3.56,RU,1627344838.0
Saskylakh,71.9167,114.0833,54.63,68.0,70.0,7.09,RU,1627344732.0
Yamada,39.4667,141.95,70.45,98.0,100.0,13.02,JP,1627344855.0
Fairfield,41.2668,-73.3162,81.99,72.0,75.0,4.61,US,1627344910.0
Langholm,55.151,-2.9989,59.61,98.0,69.0,2.62,GB,1627344998.0
Moerai,-22.4333,-151.3333,75.42,84.0,89.0,14.32,PF,1627344998.0
Adrar,20.5022,-10.0711,91.08,20.0,2.0,13.8,MR,1627345091.0
Carnarvon,-24.8667,113.6333,68.07,74.0,40.0,13.8,AU,1627344841.0
Bluff,-46.6,168.3333,50.81,73.0,26.0,20.38,NZ,1627344824.0
Mataura,-46.1927,168.8643,50.49,84.0,41.0,3.91,NZ,1627344631.0
Hualmay,-11.0964,-77.6139,64.35,83.0,28.0,10.29,PE,1627344999.0
Ballina,-28.8667,153.5667,60.98,50.0,0.0,3.33,AU,1627344767.0
Lebu,-37.6167,-73.65,46.51,73.0,17.0,17.09,CL,1627344842.0
Souillac,-20.5167,57.5167,66.36,79.0,71.0,14.2,MU,1627344729.0
Thompson,55.7435,-97.8558,76.08,22.0,4.0,6.26,CA,1627344666.0
Ambulu,-8.345,113.6058,73.06,83.0,21.0,2.53,ID,1627345000.0
Bambous Virieux,-20.3428,57.7575,68.25,94.0,40.0,11.5,MU,1627345092.0
Manokwari,-0.8667,134.0833,82.71,69.0,55.0,6.67,ID,1627345000.0
Yeppoon,-23.1333,150.7333,67.78,67.0,8.0,8.59,AU,1627345190.0
Tasiilaq,65.6145,-37.6368,46.56,91.0,53.0,4.25,GL,1627344828.0
Kalmunai,7.4167,81.8167,81.09,70.0,99.0,1.39,LK,1627345093.0
Port Alfred,-33.5906,26.891,60.85,32.0,98.0,9.91,ZA,1627344831.0
Torbay,47.6666,-52.7314,60.67,86.0,30.0,7.43,CA,1627344835.0
Uauá,-9.8414,-39.4817,71.64,74.0,96.0,11.23,BR,1627345001.0
Polis,35.0367,32.4264,76.82,63.0,0.0,0.87,CY,1627345001.0
San Miguel,13.4833,-88.1833,85.66,94.0,40.0,2.3,SV,1627345001.0
Kumul,42.8,93.45,84.15,21.0,3.0,13.35,CN,1627345041.0
Piranshahr,36.701,45.1413,72.0,33.0,45.0,1.43,IR,1627345002.0
Busselton,-33.65,115.3333,49.08,61.0,99.0,29.51,AU,1627344630.0
Bubaque,11.2833,-15.8333,79.72,85.0,100.0,12.35,GW,1627345191.0
Koungheul,13.9833,-14.8,80.74,73.0,87.0,9.44,SN,1627345002.0
Kapaa,22.0752,-159.319,88.12,74.0,1.0,5.01,US,1627344632.0
Petra,30.3222,35.4793,69.48,68.0,0.0,3.2,JO,1627345003.0
Inuvik,68.3499,-133.7218,63.36,100.0,75.0,3.44,CA,1627345003.0
Harper,4.375,-7.7169,75.88,78.0,95.0,10.13,LR,1627344556.0
Tiksi,71.6872,128.8694,39.04,87.0,65.0,10.07,RU,1627345004.0
Yellowknife,62.456,-114.3525,62.73,57.0,79.0,12.71,CA,1627344822.0
La Ronge,55.1001,-105.2842,70.56,39.0,26.0,2.73,CA,1627344658.0
Kirakira,-10.4544,161.9205,84.33,70.0,77.0,8.1,SB,1627345192.0
Norman Wells,65.282,-126.8329,64.31,50.0,100.0,6.26,CA,1627344835.0
Xianshuigu,38.985,117.3828,86.0,74.0,20.0,6.71,CN,1627345004.0
Esperance,-33.8667,121.9,57.04,66.0,35.0,34.34,AU,1627345077.0
Cidreira,-30.1811,-50.2056,62.26,98.0,100.0,6.87,BR,1627345193.0
Kuvandyk,51.4781,57.3552,53.6,63.0,0.0,6.22,RU,1627345005.0
Novopokrovka,49.8425,36.5477,64.78,58.0,0.0,5.06,UA,1627345005.0
Bajil,15.0584,43.2851,85.21,69.0,94.0,2.37,YE,1627345005.0
Port Elizabeth,-33.918,25.5701,71.1,26.0,0.0,8.05,ZA,1627344921.0
Ahipara,-35.1667,173.1667,58.86,66.0,13.0,16.67,NZ,1627344688.0
Atuona,-9.8,-139.0333,77.72,69.0,47.0,21.56,PF,1627344676.0
Puerto Ayora,-0.7393,-90.3518,71.55,84.0,45.0,5.99,EC,1627345006.0
Fortuna,40.5982,-124.1573,95.47,81.0,1.0,14.97,US,1627344741.0
Mahébourg,-20.4081,57.7,68.29,94.0,40.0,11.5,MU,1627345007.0
Qaqortoq,60.7167,-46.0333,52.3,80.0,27.0,2.95,GL,1627344652.0
Sola,-13.8833,167.55,84.87,74.0,75.0,4.61,VU,1627345194.0
Barrow,71.2906,-156.7887,46.42,93.0,90.0,6.91,US,1627344829.0
Great Yarmouth,52.6083,1.7305,64.02,92.0,86.0,8.34,GB,1627345007.0
Cape Town,-33.9258,18.4232,58.12,63.0,0.0,1.99,ZA,1627345007.0
Praia da Vitória,38.7333,-27.0667,74.75,88.0,75.0,8.86,PT,1627345195.0
Punta Arenas,-53.15,-70.9167,42.91,75.0,0.0,12.66,CL,1627344836.0
Nola,40.922,14.5329,84.92,68.0,45.0,2.06,IT,1627345008.0
Dikson,73.5069,80.5464,38.16,100.0,100.0,3.53,RU,1627344840.0
Shelabolikha,53.4131,82.6167,58.46,84.0,13.0,4.61,RU,1627345008.0
Ponta do Sol,32.6667,-17.1,72.72,77.0,6.0,7.25,PT,1627345195.0
Butaritari,3.0707,172.7902,82.54,74.0,68.0,8.05,KI,1627344829.0
Samaná,19.2056,-69.3369,80.56,92.0,78.0,5.23,DO,1627345009.0
Avarua,-21.2078,-159.775,78.85,73.0,20.0,8.05,CK,1627345009.0
San Ramon,37.7799,-121.978,91.38,47.0,1.0,5.01,US,1627345009.0
Teeli,51.0333,90.2333,63.77,61.0,45.0,0.27,RU,1627345010.0
Vila Franca do Campo,37.7167,-25.4333,70.21,89.0,55.0,6.58,PT,1627345196.0
Mossamedes,-15.1961,12.1522,65.19,80.0,0.0,1.63,AO,1627345010.0
Vanavara,60.34,102.2797,73.06,51.0,14.0,5.68,RU,1627345011.0
Kuytun,54.3419,101.5036,65.95,62.0,92.0,9.44,RU,1627344690.0
Roebourne,-20.7833,117.1333,69.87,65.0,49.0,7.54,AU,1627345011.0
Half Moon Bay,37.4636,-122.4286,91.58,69.0,75.0,1.99,US,1627345197.0
Cururupu,-1.8283,-44.8683,73.94,92.0,88.0,2.39,BR,1627345011.0
Takoradze,4.8845,-1.7554,75.94,77.0,100.0,11.74,GH,1627345012.0
Vaini,-21.2,-175.2,78.96,83.0,75.0,10.36,TO,1627344631.0
Hasaki,35.7333,140.8333,73.8,85.0,100.0,16.28,JP,1627345197.0
Goderich,43.7501,-81.7165,80.91,79.0,0.0,4.65,CA,1627344772.0
Hilo,19.7297,-155.09,78.53,89.0,90.0,9.22,US,1627344724.0
Province of Mantua,45.1667,10.7833,72.72,79.0,65.0,6.78,IT,1627344742.0
Hong Kong,22.2855,114.1577,89.96,83.0,95.0,1.01,HK,1627344790.0
Brandon,27.9378,-82.2859,89.51,82.0,1.0,1.01,US,1627345013.0
Qiqihar,47.3408,123.9672,73.26,95.0,100.0,9.13,CN,1627345013.0
Bānswāra,23.55,74.45,76.41,91.0,100.0,11.27,IN,1627345013.0
Mar del Plata,-38.0023,-57.5575,41.88,62.0,17.0,1.99,AR,1627344770.0
Hobart,-42.8794,147.3294,56.26,80.0,100.0,1.99,AU,1627344885.0
Talnakh,69.4865,88.3972,72.66,65.0,78.0,8.08,RU,1627345198.0
Vieste,41.8825,16.175,77.5,44.0,76.0,4.94,IT,1627345014.0
Santa Cruz de la Sierra,-17.8,-63.1667,78.26,65.0,20.0,13.8,BO,1627344693.0
Orhei,47.3831,28.8231,65.79,52.0,7.0,3.04,MD,1627345014.0
Haines Junction,60.7522,-137.5108,57.15,82.0,100.0,3.44,CA,1627344929.0
Grand Gaube,-20.0064,57.6608,68.4,86.0,38.0,5.01,MU,1627345199.0
Hermanus,-34.4187,19.2345,57.9,61.0,23.0,7.02,ZA,1627344833.0
Jamestown,42.097,-79.2353,78.12,53.0,1.0,5.75,US,1627344805.0
Tyrma,50.0833,132.1667,71.56,97.0,100.0,3.58,RU,1627345015.0
Qaanaaq,77.484,-69.3632,42.33,83.0,100.0,9.66,GL,1627344830.0
Sucilá,21.15,-88.3167,79.66,80.0,90.0,7.61,MX,1627345015.0
George Town,5.4112,100.3354,82.89,87.0,20.0,0.0,MY,1627344845.0
Hithadhoo,-0.6,73.0833,80.31,77.0,97.0,7.92,MV,1627344842.0
Heraclea,37.5133,34.0467,66.25,43.0,4.0,3.65,TR,1627345016.0
Te Anau,-45.4167,167.7167,46.31,83.0,68.0,4.32,NZ,1627345200.0
Solnechnyy,50.7214,136.6319,72.54,89.0,100.0,2.59,RU,1627345016.0
Morgan City,29.6994,-91.2068,87.01,94.0,40.0,0.0,US,1627345017.0
Uíge,-7.6087,15.0613,63.52,67.0,100.0,2.39,AO,1627345017.0
Saint George,37.1041,-113.5841,84.54,78.0,1.0,4.61,US,1627345017.0
Ratnagiri,16.9833,73.3,79.84,85.0,52.0,15.7,IN,1627345018.0
Fremont,37.5483,-121.9886,93.2,56.0,1.0,4.0,US,1627344905.0
Bredasdorp,-34.5322,20.0403,52.66,59.0,70.0,4.85,ZA,1627344823.0
Verkhoyansk,67.5447,133.385,61.7,64.0,92.0,12.46,RU,1627345018.0
Noumea,-22.2763,166.4572,73.99,99.0,88.0,14.54,NC,1627345201.0
Walvis Bay,-22.9575,14.5053,68.09,38.0,0.0,5.3,NA,1627344753.0
Tuatapere,-46.1333,167.6833,50.83,80.0,74.0,5.03,NZ,1627345202.0
Lüderitz,-26.6481,15.1594,60.84,63.0,0.0,4.83,NA,1627345204.0
Moba,33.2288,105.0179,60.26,85.0,100.0,4.18,CN,1627345019.0
Pevek,69.7008,170.3133,36.36,89.0,87.0,16.75,RU,1627345019.0
Mozarlândia,-14.7447,-50.5706,77.32,35.0,3.0,2.57,BR,1627344732.0
Kālāvad,22.2167,70.3833,84.58,88.0,100.0,15.05,IN,1627345019.0
Bandarbeyla,9.4942,50.8122,76.93,76.0,34.0,24.18,SO,1627345204.0
Leningradskiy,69.3833,178.4167,42.06,79.0,61.0,7.67,RU,1627345020.0
Vilyuysk,63.7553,121.6247,73.83,57.0,38.0,7.18,RU,1627345020.0
Oranjestad,12.524,-70.027,82.35,78.0,20.0,19.57,AW,1627345140.0
Medianeira,-25.2953,-54.0939,69.87,52.0,100.0,4.36,BR,1627345020.0
Cloquet,46.7216,-92.4594,85.98,52.0,1.0,6.91,US,1627345021.0
Bahía Blanca,-38.7196,-62.2724,40.73,42.0,38.0,9.98,AR,1627345021.0
Bethel,41.3712,-73.414,80.92,78.0,75.0,4.61,US,1627344832.0
Tuktoyaktuk,69.4541,-133.0374,46.69,77.0,94.0,10.71,CA,1627344678.0
Pisco,-13.7,-76.2167,65.01,82.0,0.0,14.97,PE,1627344692.0
Upernavik,72.7868,-56.1549,42.35,91.0,100.0,3.91,GL,1627345205.0
Sakaraha,-22.9,44.5333,59.05,64.0,58.0,3.49,MG,1627345022.0
Venice of the Philippines,4.6628,119.3928,84.72,77.0,83.0,15.19,PH,1627345022.0
Castro,-24.7911,-50.0119,58.44,63.0,7.0,4.54,BR,1627345023.0
Geraldton,-28.7667,114.6,64.81,59.0,90.0,23.02,AU,1627345144.0
Churuquita Chiquita,8.5667,-80.2833,79.27,96.0,100.0,4.29,PA,1627345206.0
Longyearbyen,78.2186,15.6401,40.84,93.0,75.0,3.44,SJ,1627345207.0
Jalingo,8.8833,11.3667,71.82,97.0,95.0,4.52,NG,1627344772.0
Amahai,-3.3333,128.9167,79.95,81.0,90.0,2.04,ID,1627345207.0
San Patricio,28.017,-97.5169,91.81,47.0,4.0,11.36,US,1627344693.0
Banda Aceh,5.5577,95.3222,79.95,83.0,75.0,12.19,ID,1627344695.0
Auki,-8.7676,160.7034,84.49,65.0,91.0,4.41,SB,1627344914.0
Monywa,22.1167,95.1333,77.7,84.0,100.0,12.21,MM,1627345208.0
Tubmanburg,6.8708,-10.8172,72.88,95.0,94.0,3.65,LR,1627345208.0
Puerto Madryn,-42.7692,-65.0385,42.91,61.0,98.0,25.61,AR,1627344565.0
Aklavik,68.2191,-135.0107,63.32,76.0,100.0,2.59,CA,1627345208.0
Inírida,3.8653,-67.9239,72.66,95.0,81.0,1.9,CO,1627345209.0
Grindavik,63.8424,-22.4338,49.95,93.0,90.0,8.05,IS,1627345209.0
Fairbanks,64.8378,-147.7164,72.01,46.0,20.0,7.0,US,1627344931.0
Bosaso,11.2842,49.1816,86.25,42.0,68.0,18.84,SO,1627345210.0
Sisimiut,66.9395,-53.6735,59.67,62.0,41.0,8.86,GL,1627345210.0
Petropavlovsk-Kamchatskiy,53.0452,158.6483,77.59,57.0,40.0,11.18,RU,1627344775.0
Sri Aman,1.2376,111.4621,77.05,94.0,20.0,0.0,MY,1627345211.0
Eydhafushi,5.1033,73.0708,82.08,76.0,100.0,10.47,MV,1627345211.0
Chipata,-13.6333,32.65,47.21,92.0,10.0,7.14,ZM,1627345211.0
Nipawin,53.3668,-104.0009,78.84,34.0,75.0,3.44,CA,1627345212.0
Namatanai,-3.6667,152.4333,84.2,65.0,33.0,4.74,PG,1627345212.0
South Kazakhstan Region,43.0,68.0,80.47,24.0,0.0,17.22,KZ,1627345212.0
San Jose,37.3394,-121.895,92.26,31.0,75.0,12.66,US,1627345041.0
Zhigalovo,54.8097,105.1578,69.82,58.0,28.0,2.39,RU,1627345213.0
Igarka,67.4667,86.5833,71.71,65.0,97.0,12.08,RU,1627345213.0
Husavik,66.0449,-17.3389,50.25,82.0,74.0,1.95,IS,1627344826.0
College,64.8569,-147.8028,72.0,47.0,75.0,12.66,US,1627345081.0
Manaure,11.7751,-72.4445,83.32,74.0,44.0,17.67,CO,1627345214.0
Airai,-8.9266,125.4092,67.89,37.0,40.0,3.18,TL,1627344837.0
Kemin,42.7846,75.6892,69.93,33.0,0.0,2.62,KG,1627345214.0
Kushiro,42.975,144.3747,72.55,88.0,75.0,11.5,JP,1627345214.0
Wencheng,33.0559,113.7978,80.49,85.0,72.0,9.48,CN,1627345215.0
Vao,-22.6667,167.4833,68.23,61.0,89.0,17.07,NC,1627345215.0
Icod de los Vinos,28.3724,-16.7119,73.47,94.0,32.0,11.36,ES,1627345216.0
Moose Factory,51.2585,-80.6094,60.8,59.0,1.0,8.05,CA,1627345216.0
Codrington,-38.2667,141.9667,51.58,68.0,32.0,19.19,AU,1627345216.0
Río Bueno,-40.3167,-72.9667,41.14,93.0,55.0,2.82,CL,1627345217.0
East London,-33.0153,27.9116,63.03,26.0,88.0,11.99,ZA,1627345217.0
Khatanga,71.9667,102.5,63.19,62.0,66.0,17.74,RU,1627345217.0
Samoylovka,51.184,43.7081,60.13,59.0,0.0,3.11,RU,1627345218.0
Sakaiminato,35.55,133.2333,82.38,78.0,75.0,5.75,JP,1627345218.0
Bengkulu,-3.8004,102.2655,74.17,76.0,3.0,5.01,ID,1627344948.0
Karak,31.1667,35.75,66.92,64.0,0.0,5.73,JO,1627345219.0
Itarema,-2.9248,-39.9167,79.16,81.0,19.0,18.32,BR,1627344654.0
Marawi,7.9986,124.2928,76.64,71.0,100.0,6.98,PH,1627345219.0
Nemuro,43.3236,145.575,70.23,99.0,100.0,14.14,JP,1627345219.0
Russell,32.3502,-85.1999,91.11,88.0,1.0,0.0,US,1627345220.0
Nuuk,64.1835,-51.7216,59.61,63.0,40.0,18.41,GL,1627345220.0
Nome,64.5011,-165.4064,50.07,87.0,90.0,10.36,US,1627345220.0
Saldanha,-33.0117,17.9442,55.45,85.0,23.0,9.82,ZA,1627345077.0
Katsuura,35.1333,140.3,78.19,88.0,88.0,23.96,JP,1627345221.0
Jagatsinghapur,20.2667,86.1667,82.76,89.0,100.0,7.63,IN,1627345221.0
Korla,41.7597,86.1469,82.69,26.0,0.0,10.4,CN,1627345221.0
Tura,25.5198,90.2201,75.76,95.0,100.0,4.23,IN,1627344836.0
Camacha,33.0833,-16.3333,69.22,73.0,75.0,10.36,PT,1627345222.0
Lumberton,34.6182,-79.0086,89.35,69.0,42.0,11.12,US,1627344956.0
Sungai Penuh,-2.0833,101.3833,62.91,86.0,7.0,3.02,ID,1627345223.0
Kita,13.0349,-9.4895,76.55,88.0,62.0,2.21,ML,1627345223.0
Pochutla,15.7432,-96.4661,84.81,81.0,100.0,0.47,MX,1627344835.0
Pacific Grove,36.6177,-121.9166,90.01,78.0,1.0,3.0,US,1627345204.0
Östersund,63.1792,14.6357,64.85,63.0,90.0,9.22,SE,1627345223.0
Vila Velha,-20.3297,-40.2925,71.55,88.0,40.0,3.44,BR,1627344828.0
Iqaluit,63.7506,-68.5145,49.69,81.0,72.0,7.63,CA,1627344730.0
Bhor,18.1667,73.85,70.95,93.0,97.0,11.63,IN,1627345224.0
Makakilo City,21.3469,-158.0858,89.92,45.0,20.0,11.5,US,1627345224.0
Severo-Kuril'sk,50.6789,156.125,60.76,87.0,100.0,7.43,RU,1627345225.0
Kilindoni,-7.9139,39.6668,75.72,73.0,53.0,18.77,TZ,1627345225.0
Klaksvík,62.2266,-6.589,50.92,99.0,100.0,5.7,FO,1627345225.0
Hakkâri Province,37.5833,44.1667,63.0,33.0,0.0,3.91,TR,1627345226.0
Ponta Delgada,37.7333,-25.6667,70.52,88.0,75.0,8.05,PT,1627345143.0
Ankara,39.9199,32.8543,67.21,65.0,0.0,1.01,TR,1627344989.0
Mount Gambier,-37.8333,140.7667,51.53,60.0,46.0,14.09,AU,1627345226.0
Pangnirtung,66.1451,-65.7125,55.2,86.0,60.0,3.22,CA,1627345227.0
Shingū,33.7333,135.9833,81.91,61.0,52.0,2.08,JP,1627344475.0
Waddān,29.1614,16.139,77.36,42.0,0.0,15.43,LY,1627345227.0
Vestmannaeyjar,63.4427,-20.2734,50.86,83.0,100.0,12.17,IS,1627344783.0
Waingapu,-9.6567,120.2641,77.85,75.0,52.0,7.02,ID,1627345228.0
Karaidel',55.8337,56.9069,50.99,74.0,58.0,5.64,RU,1627345228.0
Laguna,38.421,-121.4238,97.25,27.0,1.0,5.01,US,1627345228.0
Bairiki Village,1.3292,172.9752,81.97,72.0,35.0,11.77,KI,1627345229.0
Solwezi,-12.1688,26.3894,48.52,60.0,99.0,5.21,ZM,1627345229.0
Muros,42.7762,-9.0603,65.84,86.0,46.0,5.91,ES,1627345229.0
Chui,-33.6971,-53.4616,47.8,81.0,51.0,10.94,UY,1627345230.0
Mookane,-23.688,26.6595,46.17,65.0,0.0,5.91,BW,1627345230.0
São João da Barra,-21.6403,-41.0511,71.96,81.0,0.0,18.23,BR,1627345230.0
Ayr,55.4627,-4.6339,61.21,88.0,75.0,6.91,GB,1627345231.0
Naze,28.3667,129.4833,83.32,85.0,100.0,13.38,JP,1627345231.0
Comodoro Rivadavia,-45.8667,-67.5,46.26,57.0,0.0,12.66,AR,1627345084.0
Clyde River,70.4692,-68.5914,39.43,100.0,40.0,3.44,CA,1627345232.0
Astoria,46.1879,-123.8313,84.09,74.0,1.0,1.99,US,1627345130.0
Zaysan,47.4667,84.8667,69.12,53.0,25.0,1.83,KZ,1627345232.0
Arraial do Cabo,-22.9661,-42.0278,70.59,83.0,0.0,27.22,BR,1627345233.0
Kruisfontein,-34.0033,24.7314,68.88,27.0,73.0,15.64,ZA,1627345233.0
Poum,-20.2333,164.0167,71.35,67.0,100.0,8.84,NC,1627344698.0
Choix,26.7092,-108.3219,97.86,35.0,44.0,5.19,MX,1627345233.0
Provideniya,64.3833,-173.3,50.11,81.0,90.0,6.71,RU,1627344736.0
Acaraú,-2.8856,-40.12,79.3,81.0,27.0,18.63,BR,1627345234.0
Morón,-34.6534,-58.6198,53.35,51.0,62.0,1.99,AR,1627345029.0
Kavieng,-2.5744,150.7967,84.7,65.0,40.0,6.38,PG,1627345234.0
Yar-Sale,66.8333,70.8333,48.72,73.0,23.0,7.07,RU,1627345235.0
Kaitangata,-46.2817,169.8464,48.61,73.0,58.0,8.63,NZ,1627344832.0
Novovelichkovskaya,45.2778,38.8436,78.94,41.0,89.0,9.44,RU,1627345235.0
Petatlán,17.5167,-101.2667,84.04,84.0,68.0,3.51,MX,1627345235.0
Ribeira Grande,38.5167,-28.7,70.83,89.0,25.0,10.11,PT,1627344824.0
Bilibino,68.0546,166.4372,55.98,46.0,62.0,14.25,RU,1627345236.0
Bijela,43.6086,17.9519,66.85,49.0,91.0,2.91,BA,1627345236.0
Samarai,-10.6167,150.6667,78.76,86.0,100.0,16.64,PG,1627345236.0
San Rafael,-34.6177,-68.3301,45.79,45.0,8.0,10.76,AR,1627345237.0
Faanui,-16.4833,-151.75,79.48,71.0,66.0,12.5,PF,1627344994.0
Yulara,-25.2406,130.9889,67.84,18.0,35.0,12.66,AU,1627345237.0
Nantucket,41.2835,-70.0995,78.1,92.0,90.0,10.36,US,1627344940.0
Alofi,-19.0595,-169.9187,80.49,69.0,40.0,5.75,NU,1627345238.0
Necochea,-38.5473,-58.7368,42.04,70.0,57.0,21.47,AR,1627345238.0
Lichuan,30.3,108.85,70.21,88.0,8.0,0.85,CN,1627345238.0
Palmer,42.1584,-72.3287,78.28,73.0,29.0,4.09,US,1627345004.0
Goundam,16.4145,-3.6708,87.1,53.0,100.0,13.33,ML,1627345239.0
Lompoc,34.6391,-120.4579,77.77,74.0,75.0,6.91,US,1627345239.0
Marabu,4.4148,114.0089,80.29,83.0,89.0,3.96,MY,1627344660.0
Sept-Îles,50.2001,-66.3821,64.26,92.0,90.0,3.0,CA,1627345240.0
Vila do Maio,15.1333,-23.2167,75.67,84.0,29.0,10.8,CV,1627345240.0
Sioux Lookout,50.1001,-91.917,64.78,77.0,90.0,4.61,CA,1627345142.0
Ugoofaaru,5.6667,73.0,82.26,75.0,97.0,12.1,MV,1627345241.0
Mamlyutka,54.9375,68.5394,56.86,56.0,100.0,7.4,KZ,1627345241.0
Fort Nelson,58.8053,-122.7002,74.66,35.0,52.0,5.08,CA,1627345241.0
Lavrentiya,65.5833,-171.0,45.72,97.0,100.0,3.71,RU,1627345242.0
Tommot,58.9564,126.2925,70.07,69.0,75.0,4.83,RU,1627345242.0
Kaka,37.3482,59.6143,87.13,28.0,3.0,9.4,TM,1627345242.0
Vangaindrano,-23.35,47.6,61.14,89.0,31.0,9.4,MG,1627345243.0
Kibala,9.1104,18.3463,75.15,94.0,20.0,0.0,TD,1627345243.0
Nikolayevsk-on-Amur,53.1406,140.73,69.49,95.0,100.0,1.88,RU,1627345243.0
Huntersville,35.4107,-80.8429,75.18,95.0,40.0,0.0,US,1627345244.0
Hofn,64.2539,-15.2082,52.56,82.0,97.0,6.85,IS,1627345244.0
Arlit,18.7369,7.3853,95.05,26.0,100.0,17.67,NE,1627345245.0
Odda,60.0691,6.5457,65.77,87.0,100.0,5.12,NO,1627345245.0
Alençon,48.4333,0.0833,63.39,79.0,100.0,4.07,FR,1627345246.0
Saravan,39.7196,45.6483,63.99,64.0,6.0,6.11,AM,1627344831.0
Floresta,-8.6011,-38.5686,73.13,69.0,42.0,15.28,BR,1627345246.0
Maniitsoq,65.4167,-52.9,51.85,76.0,57.0,13.69,GL,1627345246.0
Acapulco de Juárez,16.8634,-99.8901,85.82,79.0,90.0,5.75,MX,1627345247.0
Lubango,-14.9172,13.4925,55.98,37.0,16.0,3.36,AO,1627345247.0
Borzya,50.3833,116.5167,64.04,75.0,81.0,6.53,RU,1627345247.0
São Miguel do Araguaia,-13.275,-50.1628,76.06,36.0,5.0,4.94,BR,1627345248.0
Wajir,1.7471,40.0573,72.43,70.0,63.0,17.69,KE,1627345248.0
Tabou,4.423,-7.3528,75.94,78.0,100.0,9.73,CI,1627345248.0
Jardim,-21.4803,-56.1381,75.33,40.0,63.0,4.07,BR,1627345249.0
Lorengau,-2.0226,147.2712,84.88,70.0,69.0,3.4,PG,1627345249.0
Omboué,-1.5746,9.2618,71.49,83.0,72.0,5.82,GA,1627344703.0
Biak,-0.9131,122.8766,76.93,74.0,76.0,6.49,ID,1627345250.0
Port Lincoln,-34.7333,135.8667,58.95,50.0,33.0,26.37,AU,1627344687.0
Teahupoo,-17.8333,-149.2667,78.76,74.0,46.0,9.48,PF,1627345250.0
Idaho Falls,43.4666,-112.0341,95.63,21.0,1.0,0.0,US,1627344848.0
Aleksandrov Gay,50.147,48.5704,67.1,40.0,2.0,7.38,RU,1627345251.0
Rājgarh,28.6333,75.3833,82.2,83.0,99.0,18.88,IN,1627345251.0
Southbridge,42.0751,-72.0334,77.99,82.0,37.0,5.64,US,1627345251.0
Saint Paul Harbor,57.79,-152.4072,62.11,63.0,90.0,5.75,US,1627345251.0
Nouadhibou,20.931,-17.0347,70.29,84.0,21.0,28.61,MR,1627345252.0
Nikita,44.5333,34.2333,62.73,59.0,2.0,11.39,UA,1627345252.0
Sitka,57.0531,-135.33,62.49,67.0,40.0,4.61,US,1627345253.0
Yumen,40.2833,97.2,77.58,20.0,19.0,12.26,CN,1627345253.0
Tartagal,-22.5164,-63.8013,64.63,46.0,12.0,8.34,AR,1627345253.0
Westport,41.1415,-73.3579,84.06,70.0,1.0,1.01,US,1627345254.0
Shambu,9.5667,37.1,49.86,97.0,100.0,0.74,ET,1627345254.0
Gagino,55.2314,45.0339,60.85,63.0,46.0,7.16,RU,1627345255.0
Tongling,30.95,117.7833,77.52,96.0,100.0,16.22,CN,1627345255.0
Kaminoyama,38.1539,140.2736,74.34,96.0,100.0,0.34,JP,1627345255.0
Pavullo nel Frignano,44.3315,10.835,68.13,76.0,99.0,20.71,IT,1627345256.0
Port Moresby,-9.4431,147.1797,81.82,69.0,75.0,11.5,PG,1627345256.0
Tigil',57.8,158.6667,57.43,93.0,100.0,18.57,RU,1627345256.0
Biloela,-24.4167,150.5,65.32,38.0,0.0,2.62,AU,1627345257.0
Broome,42.2506,-75.833,76.06,69.0,26.0,1.25,US,1627345234.0
Sol'-Iletsk,51.1631,54.9918,58.68,48.0,3.0,6.22,RU,1627345257.0
Liwale,-9.7667,37.9333,63.86,49.0,66.0,5.21,TZ,1627345257.0
Revelstoke,50.9832,-118.2023,86.02,54.0,75.0,0.0,CA,1627345215.0
Batagay-Alyta,67.8006,130.4114,55.18,73.0,75.0,11.25,RU,1627345258.0
Martinsville,36.6915,-79.8725,81.66,87.0,1.0,0.0,US,1627345258.0
Kinshasa,-4.3246,15.3215,80.98,61.0,85.0,3.44,CD,1627345258.0
Pyaozerskiy,65.8333,31.1667,49.1,70.0,67.0,1.48,RU,1627345259.0
Coahuayana Viejo,18.7333,-103.6833,87.28,76.0,48.0,4.23,MX,1627345259.0
Odesskoye,54.2111,72.9651,56.79,59.0,70.0,7.45,RU,1627345259.0
Giohar,2.7809,45.5005,73.31,84.0,99.0,16.82,SO,1627345260.0
Antalaha,-14.9003,50.2788,66.45,84.0,88.0,9.37,MG,1627345260.0
Marystown,47.1666,-55.1483,61.86,100.0,27.0,1.99,CA,1627345261.0
Chone,-0.6833,-80.1,74.7,84.0,99.0,4.61,EC,1627345261.0
Ancud,-41.8697,-73.8203,42.33,77.0,48.0,6.76,CL,1627345080.0
Praia,14.9215,-23.5087,75.69,83.0,59.0,8.55,CV,1627345261.0
Verkhnevilyuysk,63.4453,120.3167,75.0,62.0,11.0,5.12,RU,1627345262.0
Nyurba,63.2842,118.3319,76.35,59.0,1.0,6.2,RU,1627345262.0
Yur’yev-Pol’skiy,56.5,39.6833,59.2,72.0,21.0,6.64,RU,1627345263.0
Fonte Boa,-2.4959,-66.2662,77.38,77.0,68.0,2.86,BR,1627345263.0
Faya,18.3851,42.4509,66.31,73.0,73.0,5.28,SA,1627345263.0
Mount Isa,-20.7333,139.5,71.37,23.0,76.0,6.91,AU,1627345264.0
Artyom,40.4723,50.333,82.54,77.0,15.0,30.24,AZ,1627345264.0
Viedma,-40.8135,-62.9967,44.19,52.0,47.0,22.82,AR,1627344633.0
Bereda,43.2686,-7.5406,59.14,93.0,27.0,0.58,ES,1627345264.0
Safaga,26.7292,33.9365,87.94,46.0,0.0,9.48,EG,1627345265.0
Cherskiy,68.75,161.3,53.8,49.0,6.0,18.39,RU,1627344834.0
Salalah,17.0151,54.0924,78.89,89.0,75.0,5.75,OM,1627345265.0
Piaçabuçu,-10.4056,-36.4344,72.86,89.0,13.0,9.95,BR,1627344694.0
Saint Augustine,29.8947,-81.3145,84.0,93.0,1.0,6.91,US,1627345029.0
Puteyets,65.1716,57.091,43.93,93.0,100.0,6.96,RU,1627345265.0
Campo,41.1852,-8.4649,64.06,86.0,40.0,7.0,PT,1627345266.0
Bathsheba,13.2167,-59.5167,81.21,78.0,40.0,13.8,BB,1627345266.0
Nova Russas,-4.7067,-40.5631,81.91,49.0,79.0,2.71,BR,1627345267.0
Deputatsky,69.3,139.9,42.55,88.0,100.0,2.13,RU,1627345267.0
Teya,60.3778,92.6267,71.02,62.0,91.0,2.82,RU,1627345267.0
Poso,-1.3959,120.7524,80.8,67.0,50.0,4.27,ID,1627345268.0
Thinadhoo,0.5333,72.9333,81.45,73.0,98.0,7.2,MV,1627345268.0
Taketa,32.9652,131.3785,81.59,56.0,0.0,1.72,JP,1627345269.0
Tocopilla,-22.092,-70.1979,61.12,72.0,19.0,10.65,CL,1627345269.0
Zbarazh,49.6636,25.7762,62.55,86.0,65.0,9.33,UA,1627345270.0
Suamico,44.6319,-88.0393,86.77,51.0,1.0,4.61,US,1627345270.0
Padang,-0.9492,100.3543,77.05,87.0,18.0,3.0,ID,1627345270.0
Maţāy,28.419,30.7792,80.04,49.0,0.0,12.03,EG,1627345271.0
Puerto Limón,10.0,-83.0333,78.42,84.0,100.0,3.58,CR,1627344829.0
Henties Bay,-22.116,14.2845,67.86,56.0,0.0,1.01,NA,1627344986.0
Touros,-5.1989,-35.4608,74.3,85.0,2.0,10.38,BR,1627345271.0
Kassala,15.451,36.4,72.36,91.0,99.0,14.45,SD,1627345272.0
Lahaina,20.8783,-156.6825,85.75,88.0,39.0,11.54,US,1627345272.0
Dunedin,-45.8742,170.5036,50.79,64.0,66.0,9.98,NZ,1627345272.0
Awjilah,29.1081,21.2869,79.12,50.0,0.0,8.55,LY,1627345273.0
Brae,60.3964,-1.353,57.11,96.0,89.0,13.38,GB,1627345273.0
Babu,24.4167,111.5167,84.16,75.0,88.0,2.08,CN,1627345274.0
Ostrovnoy,68.0531,39.5131,45.86,88.0,100.0,20.07,RU,1627345275.0
Qena,26.1615,32.7183,86.0,26.0,1.0,8.32,EG,1627345275.0
Salym,60.0625,71.4789,52.48,72.0,98.0,4.63,RU,1627345276.0
Marsh Harbour,26.5412,-77.0636,83.28,74.0,7.0,11.79,BS,1627345276.0
Assiniboia,49.6334,-105.9845,91.31,23.0,0.0,10.36,CA,1627345276.0
Paamiut,61.994,-49.6678,45.61,92.0,74.0,9.51,GL,1627345276.0
Kargopol',61.5071,38.9456,50.07,94.0,26.0,3.62,RU,1627345277.0
Maraã,-1.8333,-65.3667,75.49,87.0,97.0,3.49,BR,1627345277.0
Marabba,12.35,32.1833,70.47,88.0,92.0,8.7,SD,1627345277.0
Batticaloa,7.7102,81.6924,81.81,66.0,99.0,5.86,LK,1627345278.0
Atar,20.5169,-13.0499,92.82,21.0,17.0,3.4,MR,1627344980.0
Vrangel',42.7297,133.0839,78.58,81.0,37.0,1.28,RU,1627345278.0
Havelock,34.8791,-76.9013,82.94,87.0,58.0,3.0,US,1627345278.0
Visakhapatnam,17.69,83.2093,84.09,89.0,75.0,11.5,IN,1627345102.0
Tautira,-17.7333,-149.15,84.22,75.0,47.0,8.68,PF,1627345279.0
Saint-Augustin,51.226,-58.6502,60.85,82.0,98.0,8.3,CA,1627345279.0
Tual,-5.6667,132.75,81.09,76.0,91.0,16.13,ID,1627345277.0
Tegul'det,57.3064,88.1667,62.47,97.0,100.0,6.89,RU,1627345277.0
Oistins,13.0667,-59.5333,80.69,78.0,40.0,13.8,BB,1627345167.0
Dombarovskiy,50.7587,59.5386,65.16,46.0,99.0,4.65,RU,1627345280.0
Bima,-8.4667,118.7167,77.27,73.0,41.0,4.32,ID,1627345280.0
Taltal,-25.4,-70.4833,58.41,74.0,12.0,5.06,CL,1627345281.0
Olean,42.0776,-78.4297,77.68,53.0,1.0,0.0,US,1627345123.0
Huilong,31.8111,121.655,80.04,94.0,100.0,30.4,CN,1627345281.0
Nanortalik,60.1432,-45.2371,49.15,78.0,37.0,0.89,GL,1627345281.0
Kahului,20.8947,-156.47,85.26,79.0,40.0,29.93,US,1627344998.0
Weyburn,49.6668,-103.8511,84.42,30.0,0.0,13.8,CA,1627345135.0
Shimoda,34.6667,138.95,73.76,87.0,100.0,0.67,JP,1627345282.0
Sukumo,32.9333,132.7333,83.26,67.0,57.0,5.7,JP,1627345282.0
Vanimo,-2.6741,141.3028,83.14,68.0,72.0,5.37,PG,1627344747.0
Santa Maria,-29.6842,-53.8069,63.7,100.0,90.0,3.44,BR,1627345079.0
Pamantingan,6.7044,124.4589,77.81,71.0,87.0,0.96,PH,1627345283.0
Silopi,37.2497,42.4694,89.31,18.0,0.0,5.53,TR,1627345284.0
Kudahuvadhoo,2.6708,72.8944,82.09,68.0,100.0,2.55,MV,1627345285.0
Hokitika,-42.7167,170.9667,52.43,74.0,81.0,15.21,NZ,1627345285.0
Hof,50.3167,11.9167,64.38,82.0,76.0,4.0,DE,1627345286.0
Nanga Eboko,4.6833,12.3667,67.32,95.0,81.0,4.99,CM,1627345286.0
Guebwiller,47.9167,7.2,63.95,91.0,14.0,4.27,FR,1627345286.0
Geilenkirchen,50.9667,6.1167,64.47,93.0,40.0,5.75,DE,1627345287.0
Kimbe,-5.5502,150.1429,81.84,76.0,71.0,3.27,PG,1627345287.0
Lata,40.1629,-8.3327,63.81,98.0,8.0,2.57,PT,1627345287.0
Pak Phanang,8.3511,100.202,83.07,83.0,93.0,8.3,TH,1627345288.0
Chardara,41.2547,67.9692,80.71,29.0,0.0,17.83,KZ,1627345288.0
Provincie Utrecht,52.0,5.25,64.17,95.0,54.0,1.99,NL,1627345016.0
Enshi,30.3,109.4833,75.25,94.0,18.0,0.13,CN,1627345289.0
Kieta,-6.2167,155.6333,85.28,68.0,32.0,4.65,PG,1627345289.0
Puerto Escondido,15.85,-97.0667,85.03,61.0,90.0,5.75,MX,1627345290.0
Zonguldak,41.25,31.8333,60.75,85.0,7.0,4.41,TR,1627345290.0
Harlingen,26.1906,-97.6961,92.32,54.0,1.0,13.8,US,1627345272.0
São Filipe,14.8961,-24.4956,75.07,83.0,24.0,9.55,CV,1627345145.0
Vardø,70.3705,31.1107,46.42,86.0,57.0,7.58,NO,1627345290.0
Phenix City,32.471,-85.0008,91.98,79.0,40.0,5.75,US,1627345291.0
Emerald,-23.5333,148.1667,62.35,48.0,0.0,6.49,AU,1627345291.0
Monchegorsk,67.9397,32.8739,45.03,88.0,12.0,3.13,RU,1627345292.0
Rundu,-17.9333,19.7667,46.99,48.0,1.0,6.42,NA,1627345292.0
Ekhabi,53.5102,142.9671,71.37,85.0,100.0,6.76,RU,1627345292.0
Yakeshi,49.2833,120.7333,61.03,98.0,100.0,10.31,CN,1627345293.0
Wewak,-3.5534,143.6268,81.52,84.0,62.0,8.14,PG,1627345293.0
Letpadan,17.7833,95.75,74.5,98.0,100.0,5.84,MM,1627345032.0
Hwange,-18.3693,26.5019,51.96,58.0,0.0,5.3,ZW,1627345149.0
Dwārka,22.2394,68.9678,82.36,83.0,100.0,21.74,IN,1627345294.0
Constitución,-35.3333,-72.4167,46.42,67.0,0.0,12.8,CL,1627345294.0
Kharp,66.8014,65.8081,48.36,79.0,100.0,3.85,RU,1627345294.0
Sturgis,41.7992,-85.4192,82.65,33.0,1.0,3.44,US,1627345295.0
Ibotirama,-12.1853,-43.2206,76.71,42.0,58.0,2.82,BR,1627345295.0
Shuangcheng,45.35,126.2833,82.08,61.0,97.0,13.8,CN,1627345295.0
Nānākuli,21.3906,-158.1547,91.35,47.0,20.0,11.5,US,1627345296.0
Rocha,-34.4833,-54.3333,45.55,88.0,9.0,7.07,UY,1627345168.0
Qasigiannguit,68.8193,-51.1922,53.85,88.0,100.0,11.21,GL,1627345296.0
Luleå,65.5842,22.1547,62.67,94.0,90.0,4.61,SE,1627345284.0
Marsá Maţrūḩ,31.3525,27.2453,79.0,73.0,40.0,9.22,EG,1627345297.0
Pampas,-12.4,-74.9,49.33,83.0,44.0,5.41,PE,1627345297.0
Khandyga,62.6667,135.6,71.53,58.0,78.0,2.91,RU,1627344783.0
Ambilobe,-13.2,49.05,68.94,66.0,96.0,3.33,MG,1627345148.0
Osoyoos,49.0331,-119.4524,98.33,21.0,0.0,1.14,CA,1627345022.0
Las Vegas,36.175,-115.1372,93.54,45.0,1.0,6.91,US,1627345070.0
Punto Fijo,11.6956,-70.1996,81.14,78.0,15.0,25.39,VE,1627345298.0
Gizo Government Station,-8.103,156.8419,81.61,77.0,86.0,13.78,SB,1627345298.0
Campechuela,20.2342,-77.2789,81.0,80.0,78.0,4.41,CU,1627345299.0
Cap Malheureux,-19.9842,57.6142,68.49,86.0,40.0,5.01,MU,1627345299.0
Ulladulla,-35.35,150.4667,65.88,48.0,86.0,10.18,AU,1627345299.0
Gerāsh,27.6652,54.1371,80.74,33.0,1.0,4.97,IR,1627345300.0
Lagoa,39.05,-27.9833,70.79,88.0,86.0,8.68,PT,1627345300.0
Bangolo,7.0069,-7.475,70.2,99.0,50.0,3.69,CI,1627345300.0
Española,35.9911,-106.0806,86.52,53.0,81.0,13.62,US,1627345125.0
Bolshaya Sosnova,57.6713,54.6029,55.8,85.0,63.0,9.86,RU,1627345301.0
Vero Beach,27.6386,-80.3973,83.03,87.0,40.0,1.01,US,1627345157.0
Benguela,-12.5763,13.4055,69.82,85.0,62.0,3.85,AO,1627345302.0
Ubari,26.5921,12.7805,82.94,20.0,0.0,9.46,LY,1627345302.0
Nelson Bay,-32.7167,152.15,64.96,67.0,4.0,1.01,AU,1627345279.0
Baijiantan,45.6333,85.1833,86.31,26.0,1.0,5.7,CN,1627345302.0
Ouadda,8.0777,22.4007,65.84,98.0,95.0,1.97,CF,1627345303.0
Sungurlu,40.1675,34.3739,64.2,68.0,3.0,2.06,TR,1627345303.0
Olafsvik,64.8945,-23.7142,49.8,85.0,100.0,9.37,IS,1627345303.0
El Reno,35.5323,-97.955,83.41,63.0,1.0,12.66,US,1627345303.0
Lakatoro,-16.0999,167.4164,79.72,78.0,88.0,14.41,VU,1627345304.0
Todos Santos,23.45,-110.2167,93.31,80.0,6.0,5.08,MX,1627345304.0
Nizwá,22.9333,57.5333,92.43,40.0,76.0,3.71,OM,1627345305.0
Samdari,25.8167,72.5833,81.63,80.0,100.0,15.01,IN,1627345305.0
Tot'ma,59.9747,42.7642,50.34,99.0,60.0,4.99,RU,1627345305.0
Canto do Buriti,-8.11,-42.9444,77.07,43.0,40.0,5.99,BR,1627344728.0
Gander,48.9682,-54.5906,60.93,77.0,40.0,10.0,CA,1627345257.0
Rūdbār,30.15,62.6,88.72,20.0,92.0,1.52,AF,1627345306.0
Krasnyy Chikoy,50.3643,108.7512,62.35,74.0,87.0,2.73,RU,1627344742.0
Gijang,35.2442,129.2139,85.73,74.0,6.0,9.89,KR,1627345306.0
Kindu,-2.95,25.95,70.18,42.0,75.0,3.44,CD,1627345306.0
Maragogi,-9.0122,-35.2225,73.45,90.0,35.0,8.23,BR,1627345307.0
Ishigaki,24.3448,124.1572,86.13,89.0,75.0,5.75,JP,1627345307.0
Indramayu,-6.3264,108.32,75.88,79.0,0.0,7.78,ID,1627345308.0
Sobolevo,54.4299,31.8996,62.94,77.0,80.0,5.48,RU,1627344748.0
Mayo,38.8876,-76.5119,85.03,77.0,75.0,1.01,US,1627345308.0
Anshun,26.25,105.9333,69.84,83.0,12.0,2.44,CN,1627345309.0
Ranong,9.9658,98.6348,82.33,85.0,99.0,13.31,TH,1627345309.0
Baracoa,20.3467,-74.4958,80.73,84.0,80.0,1.95,CU,1627345309.0
Kubuta,-26.8833,31.4833,48.51,79.0,9.0,4.18,SZ,1627345310.0
Solihull,52.4143,-1.7809,65.79,78.0,0.0,9.22,GB,1627345310.0
Sugar Hill,34.1065,-84.0335,87.33,76.0,96.0,2.82,US,1627345311.0
Coquimbo,-29.9533,-71.3436,53.33,87.0,0.0,3.44,CL,1627345311.0
Port Blair,11.6667,92.75,81.72,86.0,98.0,19.95,IN,1627344840.0
Scarborough,54.2797,-0.4044,61.65,89.0,12.0,6.96,GB,1627345205.0
Narasannapeta,18.4167,84.05,82.67,71.0,97.0,6.62,IN,1627345312.0
Matagami,49.7502,-77.6328,55.51,76.0,90.0,8.05,CA,1627345312.0
Vostok,46.4856,135.8833,81.95,68.0,78.0,2.19,RU,1627345312.0
Jatai,-17.8814,-51.7144,70.07,32.0,1.0,4.41,BR,1627345313.0
Richards Bay,-28.783,32.0377,61.32,59.0,28.0,14.79,ZA,1627345313.0
San Mateo Ixtatán,15.8319,-91.4781,65.75,89.0,64.0,4.32,GT,1627345314.0
Šurany,48.0861,18.1845,77.45,71.0,37.0,6.71,SK,1627345314.0
Mormugao,15.4,73.8,79.41,84.0,48.0,15.59,IN,1627345314.0
Anderson,34.5334,-82.6499,78.62,94.0,75.0,3.44,US,1627345020.0
Alta Floresta,-9.8756,-56.0861,77.94,38.0,49.0,2.35,BR,1627345315.0
Koindu,8.4386,-10.3253,70.0,99.0,76.0,3.13,GN,1627345315.0
Ambon City,-3.6954,128.1814,80.74,83.0,20.0,2.3,ID,1627345316.0
Ankang,32.68,109.0172,79.66,81.0,30.0,1.32,CN,1627345077.0
Beringovskiy,63.05,179.3167,53.42,92.0,100.0,7.58,RU,1627345316.0
Calabozo,8.9242,-67.4293,74.53,89.0,100.0,3.58,VE,1627345316.0
Sibu,2.3,111.8167,79.11,83.0,40.0,3.44,MY,1627345317.0
Merrill,45.1805,-89.6835,84.38,54.0,40.0,6.91,US,1627345145.0
Châlons-en-Champagne,48.9539,4.3672,64.98,93.0,62.0,6.62,FR,1627345317.0
Kuah,6.3265,99.8432,85.98,74.0,20.0,8.05,MY,1627345317.0
Albania,41.0,20.0,70.99,48.0,46.0,2.3,AL,1627345318.0
Kharhiāl,20.2833,82.7667,78.98,76.0,100.0,6.38,IN,1627345318.0
Igrim,63.1906,64.4162,50.77,70.0,82.0,3.67,RU,1627345318.0
Alappuzha,9.49,76.3264,77.86,83.0,86.0,6.62,IN,1627345157.0
Ardakān,32.31,54.0175,88.18,18.0,6.0,6.76,IR,1627345319.0
Motygino,58.1831,94.7592,68.58,65.0,57.0,0.89,RU,1627345319.0
Leticia,-4.2153,-69.9406,80.65,83.0,75.0,2.3,CO,1627345107.0
Grand Forks,47.9417,-97.4337,91.13,31.0,20.0,6.91,US,1627345320.0
Indiaroba,-11.5192,-37.5117,69.64,96.0,15.0,2.86,BR,1627345320.0
Shatalovo,54.334,32.4465,62.37,78.0,61.0,4.54,RU,1627345320.0
Angleton,29.1694,-95.4319,97.09,69.0,1.0,11.5,US,1627345321.0
Flinders,-34.5833,150.8552,67.37,57.0,67.0,7.0,AU,1627345321.0
Portland,45.5234,-122.6762,92.97,40.0,40.0,5.01,US,1627344784.0
Kargasok,59.0556,80.8572,51.03,94.0,100.0,13.22,RU,1627345321.0
Maningrida,-12.0667,134.2667,76.64,60.0,72.0,9.19,AU,1627345322.0
Cockburn Town,21.4612,-71.1419,82.45,84.0,10.0,15.35,TC,1627345322.0
Prince Rupert,54.3161,-130.3201,56.89,91.0,90.0,5.75,CA,1627345323.0
La Tuque,47.4334,-72.7824,70.05,64.0,82.0,2.3,CA,1627345102.0
Anloga,5.7947,0.8973,76.12,80.0,17.0,15.41,GH,1627344770.0
Lakes Entrance,-37.8811,147.981,64.18,50.0,65.0,6.82,AU,1627345323.0
Korem,12.5058,39.5228,57.15,80.0,83.0,6.46,ET,1627345324.0
Hanyang,32.1371,105.5126,69.78,81.0,97.0,5.21,CN,1627345324.0
Lufilufi,-13.8745,-171.5986,83.79,73.0,46.0,12.19,WS,1627345324.0
Galle,6.0367,80.217,79.07,87.0,92.0,11.45,LK,1627345325.0
Gāndhīdhām,23.0833,70.1333,81.81,83.0,100.0,20.02,IN,1627345195.0
Zhigansk,66.7697,123.3711,57.58,63.0,24.0,16.87,RU,1627345325.0
Ilulissat,69.2167,-51.1,53.62,58.0,40.0,6.91,GL,1627345325.0
Tombouctou,20.0,-3.0,95.97,24.0,9.0,10.25,ML,1627345326.0
Zhangaözen,43.3,52.8,83.32,24.0,43.0,18.03,KZ,1627345326.0
Manono,-7.3,27.4167,67.66,38.0,48.0,7.45,CD,1627345326.0
Amapá,1.0,-52.0,72.1,97.0,100.0,2.57,BR,1627345327.0
Jhalidā,23.3667,85.9667,79.34,87.0,100.0,4.54,IN,1627345327.0
Asău,46.4333,26.4,67.75,80.0,47.0,5.23,RO,1627345327.0
Energetik,51.7445,58.7934,55.98,61.0,4.0,7.16,RU,1627345270.0
Beira,-19.8436,34.8389,62.69,100.0,20.0,6.91,MZ,1627345328.0
Vigrestad,58.5667,5.7,64.96,87.0,100.0,9.42,NO,1627345328.0
Tungor,53.3808,142.9564,70.74,87.0,100.0,4.68,RU,1627345329.0
Orlik,52.5178,99.825,59.74,80.0,71.0,1.34,RU,1627345329.0
City of San Pedro,14.35,121.0167,81.16,92.0,95.0,19.37,PH,1627345261.0
Padilla,3.2204,-76.3139,74.77,92.0,74.0,2.59,CO,1627345329.0
Mahenge,-8.6833,36.7167,59.14,50.0,57.0,3.74,TZ,1627345330.0
São José da Coroa Grande,-8.8978,-35.1478,73.96,89.0,35.0,8.81,BR,1627345330.0
Rome,43.2128,-75.4557,77.9,72.0,8.0,2.95,US,1627345331.0
Karratha,-20.7377,116.8463,69.89,68.0,43.0,7.23,AU,1627345284.0
Chu,43.5983,73.7614,72.23,49.0,0.0,13.76,KZ,1627345331.0
Kharan,28.5833,65.4167,91.02,25.0,96.0,5.26,PK,1627345331.0
Benjamín Aceval,-24.9667,-57.5667,62.74,79.0,99.0,13.04,PY,1627345332.0
Dano,11.15,-3.0667,77.18,73.0,85.0,7.67,BF,1627345332.0
Narsaq,60.9167,-46.05,52.02,72.0,27.0,0.67,GL,1627345333.0
Livramento,-3.0254,-60.1803,79.47,88.0,0.0,0.0,BR,1627345168.0
Koslan,63.4564,48.8989,47.55,80.0,72.0,10.87,RU,1627345333.0
Hays,30.0502,-98.0336,95.72,47.0,1.0,3.0,US,1627345334.0
Yarmouth,41.7057,-70.2286,79.65,75.0,1.0,8.01,US,1627345334.0
Iquitos,-3.7481,-73.2472,78.84,89.0,40.0,0.0,PE,1627345335.0
Lewistown,40.5992,-77.5714,82.54,61.0,1.0,0.0,US,1627345335.0
Tacuarembó,-31.7333,-55.9833,48.83,82.0,69.0,13.24,UY,1627345335.0
Batagay,67.6333,134.6333,58.24,76.0,71.0,12.15,RU,1627345335.0
Siyabuswa,-25.1132,29.0445,43.57,66.0,0.0,3.42,ZA,1627345336.0
Dingle,10.9995,122.6711,83.14,79.0,100.0,13.87,PH,1627345336.0
Tahoua,14.8888,5.2692,75.18,83.0,0.0,11.5,NE,1627345336.0
Sesheke,-17.4759,24.2968,46.31,56.0,3.0,3.62,ZM,1627345337.0
Lesnoye,58.2841,35.5158,61.84,67.0,63.0,1.86,RU,1627345337.0
Isangel,-19.55,169.2667,78.91,65.0,75.0,5.75,VU,1627345338.0
Itoman,26.1247,127.6694,86.02,79.0,40.0,10.36,JP,1627345338.0
Sishui,35.6489,117.2758,80.82,82.0,100.0,12.84,CN,1627345338.0
Zeya,53.75,127.2667,75.4,62.0,57.0,3.06,RU,1627345339.0
La Libertad,-2.2333,-80.9,70.5,85.0,69.0,5.59,EC,1627344748.0
Seoul,37.5683,126.9778,89.17,55.0,0.0,3.44,KR,1627345245.0
Aswān,24.0934,32.907,87.1,25.0,0.0,6.91,EG,1627345340.0
Laas,46.6166,10.7002,63.01,90.0,67.0,2.84,IT,1627344841.0
Ust'-Omchug,61.15,149.6333,54.34,78.0,99.0,4.72,RU,1627345340.0
Egvekinot,66.3167,-179.1667,45.23,94.0,100.0,2.24,RU,1627344843.0
Selikhino,50.3672,137.4996,80.1,74.0,98.0,2.01,RU,1627345340.0
Calama,-22.4667,-68.9333,50.49,18.0,0.0,4.61,CL,1627345341.0
Tan An,10.5333,106.4167,82.42,81.0,18.0,9.55,VN,1627345341.0
Valparaíso,-33.0393,-71.6273,56.84,77.0,0.0,10.36,CL,1627345342.0
Cayenne,4.9333,-52.3333,82.09,81.0,0.0,3.0,GF,1627345342.0
Baoqing,46.3317,132.2111,89.44,48.0,74.0,0.13,CN,1627345343.0
Orzhytsya,49.7918,32.7012,67.32,53.0,31.0,5.55,UA,1627345343.0
Mundi,22.0667,76.5,75.2,87.0,100.0,14.9,IN,1627345343.0
Charleston,32.7766,-79.9309,84.36,85.0,75.0,3.0,US,1627345276.0
Bonthe,7.5264,-12.505,76.44,88.0,80.0,9.95,SL,1627345344.0
Asilah,35.465,-6.0348,71.46,86.0,0.0,2.46,MA,1627345344.0
Morondava,-20.2833,44.2833,66.24,66.0,27.0,10.51,MG,1627345345.0
Zyryanka,65.75,150.85,56.21,45.0,73.0,16.4,RU,1627345345.0
Port Keats,-14.25,129.55,79.48,66.0,38.0,0.89,AU,1627345345.0
Avera,33.194,-82.5271,91.27,60.0,14.0,6.55,US,1627345346.0
Kokoda,-8.8785,147.7407,81.95,73.0,97.0,3.42,PG,1627345346.0
Port Hedland,-20.3167,118.5667,69.85,83.0,71.0,10.36,AU,1627345346.0
Quatre Cocos,-20.2078,57.7625,68.11,79.0,67.0,14.97,MU,1627345347.0
Ust-Nera,64.5667,143.2,55.11,84.0,100.0,5.64,RU,1627345347.0
Pampierstad,-27.7832,24.6877,40.53,56.0,4.0,9.8,ZA,1627345348.0
Newburn,54.9876,-1.7442,62.1,88.0,40.0,4.61,GB,1627345348.0
Velagići,44.5572,16.7317,70.63,50.0,62.0,5.91,BA,1627345348.0
Ukiah,39.1502,-123.2078,94.51,37.0,1.0,11.5,US,1627345349.0
Dentsville,34.064,-80.9582,88.12,66.0,1.0,1.01,US,1627345349.0
Matara,5.9485,80.5353,78.37,90.0,95.0,9.8,LK,1627345350.0
São Gabriel da Cachoeira,-0.1303,-67.0892,72.3,98.0,19.0,2.39,BR,1627345350.0
Krasnovishersk,60.4078,57.082,54.12,98.0,100.0,7.54,RU,1627345350.0
Ouésso,1.6136,16.0517,76.66,66.0,100.0,2.39,CG,1627345350.0
Port Augusta,-32.5,137.7667,61.7,37.0,14.0,27.47,AU,1627345351.0
Bukene,-4.2333,32.8833,58.39,46.0,27.0,5.75,TZ,1627345351.0
Connersville,39.6412,-85.1411,83.44,79.0,0.0,5.7,US,1627345348.0
Waitati,-45.75,170.5667,51.89,62.0,72.0,6.26,NZ,1627345352.0
Broken Hill,-31.95,141.4333,57.13,39.0,7.0,24.99,AU,1627345352.0
Udachny,66.4167,112.4,80.31,44.0,25.0,5.01,RU,1627345353.0
Sibolga,1.7427,98.7792,77.13,85.0,87.0,2.98,ID,1627345353.0
Kazygurt,41.7589,69.3864,78.58,31.0,0.0,6.46,KZ,1627345353.0
Gamba,-2.65,10.0,70.25,91.0,86.0,5.21,GA,1627345354.0
Valley City,46.9233,-98.0032,68.83,85.0,42.0,29.75,US,1627345354.0
Almeria,37.1667,-2.3333,72.14,83.0,17.0,2.24,ES,1627345356.0
Alice Springs,-23.7,133.8833,71.15,15.0,57.0,23.02,AU,1627345356.0
Moindou,-21.6924,165.677,73.35,54.0,92.0,9.28,NC,1627345356.0
Beyneu,45.3167,55.2,78.58,24.0,10.0,10.51,KZ,1627345357.0
Tanout,14.9709,8.8879,78.4,67.0,100.0,15.14,NE,1627345357.0
Gonzalez,30.5816,-87.2914,89.65,76.0,1.0,1.01,US,1627345126.0
Kismayo,-0.3582,42.5454,75.24,81.0,91.0,17.13,SO,1627345357.0
Hambantota,6.1241,81.1185,79.9,82.0,97.0,16.91,LK,1627345089.0
The Pas,53.8251,-101.2541,75.22,43.0,20.0,3.65,CA,1627345358.0
Maceió,-9.6658,-35.7353,74.64,94.0,75.0,6.91,BR,1627345280.0
La Esperanza,14.8667,-91.5667,59.72,83.0,40.0,0.0,GT,1627345358.0
Mahon,39.8885,4.2658,75.76,64.0,0.0,8.05,ES,1627345359.0
Misrikh,27.45,80.5167,82.99,83.0,88.0,3.71,IN,1627345359.0
Ciudad General Terán,25.2667,-99.6833,96.53,28.0,2.0,16.44,MX,1627345359.0
Uarini,-2.99,-65.1083,80.51,64.0,59.0,1.45,BR,1627345360.0
Montepuez,-13.1256,38.9997,61.9,69.0,46.0,11.1,MZ,1627345360.0
Bratsk,56.1325,101.6142,70.29,59.0,8.0,3.36,RU,1627345360.0
Qaraçala,39.8132,48.9523,80.22,50.0,33.0,7.83,AZ,1627345361.0
Huanren,41.2647,125.3667,81.73,65.0,38.0,1.14,CN,1627345361.0
Gladstone,-23.85,151.25,67.93,52.0,0.0,4.61,AU,1627345361.0
Chokwé,-24.5333,32.9833,57.06,89.0,0.0,3.2,MZ,1627345361.0
Cobija,-11.0267,-68.7692,81.48,48.0,52.0,1.77,BO,1627345362.0
Alpena,45.0617,-83.4327,77.14,67.0,1.0,2.77,US,1627345362.0
Rørvik,64.8621,11.2373,64.74,65.0,12.0,11.5,NO,1627345363.0
Mayumba,-3.432,10.6554,70.56,93.0,98.0,3.91,GA,1627345363.0
Simití,7.9579,-73.9436,77.4,90.0,76.0,4.05,CO,1627345363.0
Labuhan,-6.8844,112.2051,74.61,80.0,8.0,6.38,ID,1627345364.0
Shetpe,44.1667,52.1167,75.92,33.0,74.0,21.18,KZ,1627345364.0
Yenagoa,4.9247,6.2642,72.9,80.0,100.0,4.45,NG,1627345364.0
Soyo,-6.1349,12.3689,71.47,89.0,100.0,3.94,AO,1627345365.0
Frontera,26.9333,-101.45,97.59,19.0,30.0,14.52,MX,1627345365.0
Sistranda,63.7256,8.834,69.76,74.0,52.0,7.85,NO,1627345175.0
Arroyo de la Encomienda,41.6096,-4.7969,69.15,52.0,0.0,6.91,ES,1627345366.0
Askim,59.5833,11.1629,66.81,93.0,100.0,4.0,NO,1627345366.0
Verāval,20.9,70.3667,81.46,87.0,100.0,17.56,IN,1627345357.0
Khasan,42.4308,130.6434,77.45,76.0,64.0,1.41,RU,1627345367.0
Houma,29.5958,-90.7195,91.0,78.0,69.0,1.99,US,1627345367.0
Shahrud,36.4182,54.9763,76.37,46.0,1.0,5.53,IR,1627345367.0
Siniscola,40.5719,9.6922,76.55,75.0,84.0,4.18,IT,1627345368.0
Orikum,40.3253,19.4714,79.03,58.0,2.0,5.44,AL,1627345368.0
West Plains,36.7281,-91.8524,89.28,58.0,1.0,5.75,US,1627345369.0
Doha,25.2867,51.5333,94.98,71.0,0.0,4.61,QA,1627345369.0
Mardin,37.3131,40.7436,80.71,21.0,0.0,5.59,TR,1627345369.0
Talpa,28.8257,-111.6257,105.78,48.0,0.0,13.0,MX,1627345370.0
Antofagasta,-23.65,-70.4,56.48,83.0,17.0,7.25,CL,1627345170.0
Jacareacanga,-6.2222,-57.7528,77.77,47.0,94.0,1.92,BR,1627345370.0
Mutoko,-17.397,32.2268,40.96,89.0,17.0,5.35,ZW,1627345370.0
Dali,25.7,100.1833,64.29,88.0,99.0,1.74,CN,1627345371.0
Berlevåg,70.8578,29.0864,45.28,87.0,60.0,0.78,NO,1627344843.0
Opuwo,-18.0607,13.84,58.23,35.0,0.0,8.03,NA,1627345371.0
Osijek,45.5511,18.6939,77.22,88.0,0.0,6.91,HR,1627345371.0
Loíza,18.4313,-65.8802,82.87,78.0,40.0,11.5,PR,1627345372.0
Majene,-3.5403,118.9707,78.91,77.0,47.0,11.07,ID,1627345372.0
Aykhal,66.0,111.5,79.88,41.0,13.0,2.59,RU,1627344829.0
Griffith,41.5284,-87.4237,90.99,40.0,1.0,1.01,US,1627345190.0
Yangi Marg`ilon,40.4272,71.7189,84.92,26.0,3.0,2.3,UZ,1627345373.0
Tabas,33.5959,56.9244,89.64,24.0,0.0,15.57,IR,1627345373.0
Buala,-8.145,159.5921,80.28,83.0,73.0,7.76,SB,1627345373.0
Kargalinskaya,43.7417,46.4792,72.73,77.0,100.0,6.4,RU,1627345374.0
Cootamundra,-34.65,148.0333,51.94,82.0,13.0,12.55,AU,1627345374.0
Hobyo,5.3505,48.5268,76.68,72.0,53.0,21.72,SO,1627345375.0
Zhelyabovka,45.3988,34.7578,74.86,66.0,46.0,5.59,UA,1627345375.0
Carutapera,-1.195,-46.02,75.04,93.0,81.0,6.35,BR,1627345376.0
Kosh-Agach,50.0,88.6667,56.57,68.0,51.0,1.66,RU,1627345376.0
Akot,21.0964,77.0586,75.67,83.0,100.0,11.81,IN,1627345376.0
Guadalajara,20.6667,-103.3333,84.97,36.0,75.0,1.01,MX,1627345294.0
